"Betweenness","Closeness","Degree","Eigenvector","Information","LAC","name","Network","selected","shared name","Subgragh"
"733.0181693170047","0.347114556416882","4.0","0.011048993095755577","2.660248279571533","1.5","ABCB1","2.0","false","ABCB1","2.912048384E9"
"3814.10001545788","0.4305555555555556","51.0","0.10709196329116821","5.101251602172852","11.058823529411764","EP300","27.377652053393202","false","EP300","2.7356831744E11"
"13040.313589853069","0.4563986409966025","69.0","0.13077020645141602","5.2325921058654785","9.826086956521738","TP53","36.59940178873997","false","TP53","4.07914119168E11"
"1032.9066989388052","0.2822128851540616","17.0","0.0011410001898184419","4.3070855140686035","4.705882352941177","CYP3A4","9.792538017538018","false","CYP3A4","3.1057318E7"
"2186.1853498140586","0.4154639175257732","38.0","0.10117826610803604","4.940492630004883","7.157894736842105","MAPK8","12.772920805795636","false","MAPK8","2.44187840512E11"
"2.411255411255411","0.251875","2.0","7.803140906617045E-4","1.9662657976150513","0.0","ACE","0.0","false","ACE","1.4524266E7"
"586.6441939884412","0.3234349919743178","11.0","0.014757538214325905","3.848881721496582","6.0","AGTR2","7.375","false","AGTR2","5.194932736E9"
"459.94046256841216","0.31484375","5.0","0.009291942231357098","2.917694091796875","0.4","AGTR1","0.5","false","AGTR1","2.059506944E9"
"0.0","0.27850725639253626","1.0","0.002235263120383024","1.4827557802200317","0.0","ACKR3","0.0","false","ACKR3","1.19181536E8"
"3442.77922359094","0.38564593301435407","29.0","0.06887723505496979","4.760470390319824","7.172413793103448","CXCR4","12.176710165840602","false","CXCR4","1.13162256384E11"
"0.0","0.26495726495726496","1.0","0.0016296572284772992","1.4827557802200317","0.0","ACP1","0.0","false","ACP1","6.334994E7"
"841.5338337369609","0.36014298480786416","13.0","0.05022316798567772","4.032747268676758","7.6923076923076925","EPHA2","8.527777777777777","false","EPHA2","6.0167090176E10"
"0.0","0.2679521276595745","2.0","9.727685828693211E-4","1.9662657976150513","1.0","ACVRL1","2.0","false","ACVRL1","2.2572054E7"
"210.96345161996496","0.3218849840255591","7.0","0.00839829258620739","3.3192126750946045","2.5714285714285716","TGFBR2","3.833333333333333","false","TGFBR2","1.682414976E9"
"834.2794574319728","0.3653671804170444","10.0","0.02155464142560959","3.7403573989868164","2.4","TGFBR1","3.888888888888889","false","TGFBR1","1.1082343424E10"
"1199.773477182227","0.27471029311520107","4.0","4.0667952271178365E-4","2.660248279571533","0.5","ADA","0.6666666666666666","false","ADA","3945103.5"
"4115.251880399518","0.29373177842565595","9.0","0.0012509285006672144","3.6179468631744385","0.4444444444444444","DCK","1.6190476190476188","false","DCK","3.7327008E7"
"2388.9233870122284","0.3569530558015943","8.0","0.009585523046553135","3.4787912368774414","0.75","DPP4","1.2142857142857142","false","DPP4","2.19170048E9"
"2711.5725877271993","0.28601845280340665","8.0","0.0016716476529836655","3.4787912368774414","1.5","PNP","4.404761904761904","false","PNP","6.6658836E7"
"0.0","0.21562332798287853","1.0","1.3213139027357101E-5","1.4827557802200317","0.0","ADORA1","0.0","false","ADORA1","4166.3671875"
"198.38157850608127","0.30576631259484066","4.0","0.004966355860233307","2.660248279571533","1.0","ADAM10","2.0","false","ADAM10","5.88336128E8"
"0.0","0.2504661280298322","2.0","6.501599564217031E-4","1.9662657976150513","1.0","BACE1","2.0","false","BACE1","1.0083013E7"
"866.5011329894771","0.3333333333333333","12.0","0.015059742145240307","3.9457528591156006","1.8333333333333333","PSEN1","4.090909090909091","false","PSEN1","5.409842176E9"
"9800.602487814562","0.4310160427807487","54.0","0.10322778671979904","5.128550052642822","6.666666666666667","CTNNB1","16.893094245227644","false","CTNNB1","2.54181228544E11"
"171.06665530329076","0.33752093802345057","10.0","0.034021057188510895","3.7403573989868164","5.6","EPHA3","6.222222222222222","false","EPHA3","2.7608743936E10"
"145.48903427902317","0.346815834767642","9.0","0.022939154878258705","3.6179468631744385","1.7777777777777777","ADAM17","2.0","false","ADAM17","1.255175168E10"
"766.7641633124114","0.36904761904761907","18.0","0.030444221571087837","4.361743927001953","3.0","NGFR","4.763789152024445","false","NGFR","2.2108504064E10"
"4815.618995418865","0.4310160427807487","49.0","0.14020676910877228","5.081405162811279","11.959183673469388","MAPK14","22.43591350236675","false","MAPK14","4.68907851776E11"
"2383.52410104568","0.40059642147117297","24.0","0.0785205289721489","4.6147379875183105","8.583333333333334","ERBB2","10.035403726708077","false","ERBB2","1.47067305984E11"
"5288.243188348438","0.43661971830985913","54.0","0.15612971782684326","5.128550052642822","13.333333333333334","EGFR","25.798217006170876","false","EGFR","5.81461344256E11"
"182.78552569360005","0.3124031007751938","6.0","0.00609970185905695","3.1343536376953125","1.0","SHH","1.25","false","SHH","8.8749728E8"
"598.0163145788033","0.3852772466539197","26.0","0.08032456040382385","4.678389072418213","7.3076923076923075","PRKCB","8.61294117647059","false","PRKCB","1.53902710784E11"
"1238.1719624729144","0.40543259557344064","29.0","0.07516765594482422","4.760470390319824","6.206896551724138","PRKCA","8.464998563527976","false","PRKCA","1.34775693312E11"
"596.9612650241738","0.388996138996139","22.0","0.0715259462594986","4.542192459106445","7.7272727272727275","ERBB4","9.332680185311766","false","ERBB4","1.22032898048E11"
"1990.252479611048","0.3882466281310212","31.0","0.06818582117557526","4.807915210723877","8.258064516129032","TNF","12.381347921084766","false","TNF","1.10901878784E11"
"49.145192881832635","0.2980769230769231","9.0","0.006570217199623585","3.6179468631744385","6.222222222222222","ADRA1B","7.25","false","ADRA1B","1.029701504E9"
"397.7478239799982","0.3541300527240773","12.0","0.021623030304908752","3.9457528591156006","6.166666666666667","CCR5","7.765909090909091","false","CCR5","1.1152772096E10"
"0.0","0.296759941089838","8.0","0.0063910516910254955","3.4787912368774414","7.0","PTGER1","8.0","false","PTGER1","9.74308928E8"
"1097.4204590693328","0.3519650655021834","12.0","0.018775679171085358","3.9457528591156006","5.5","ADRB2","7.11439393939394","false","ADRB2","8.408953856E9"
"442.9055894142277","0.35950044603033005","13.0","0.026462089270353317","4.032747268676758","6.3076923076923075","CHRM1","8.220454545454544","false","CHRM1","1.6703154176E10"
"0.0","0.296759941089838","8.0","0.0063910516910254955","3.4787912368774414","7.0","CCR3","8.0","false","CCR3","9.74308928E8"
"5684.2707902221655","0.3710865561694291","24.0","0.0334792360663414","4.6147379875183105","4.166666666666667","F2","11.195274354801208","false","F2","2.6736273408E10"
"46.73325025150518","0.31386292834890966","4.0","0.005698270630091429","2.660248279571533","0.5","TGM2","0.6666666666666666","false","TGM2","7.7452544E8"
"259.4913837690714","0.33808724832214765","7.0","0.009532060474157333","3.3192126750946045","2.0","CFTR","2.433333333333333","false","CFTR","2.167323648E9"
"203.63266689130478","0.27010723860589814","2.0","6.499226437881589E-4","1.9662657976150513","0.0","PDE4A","0.0","false","PDE4A","1.0075704E7"
"6964.894561123044","0.4264550264550265","64.0","0.1593598574399948","5.20282506942749","12.59375","GRB2","37.27493541044935","false","GRB2","6.05770350592E11"
"15027.336003519644","0.4774881516587678","91.0","0.22440283000469208","5.32735013961792","15.406593406593407","SRC","58.030799879062435","false","SRC","1.201175003136E12"
"1154.2414924475288","0.325","7.0","0.00501931132748723","3.3192126750946045","1.1428571428571428","SERPINE1","1.9999999999999998","false","SERPINE1","6.0095168E8"
"3390.6729717964245","0.38787295476419636","49.0","0.10604367405176163","5.081405162811279","8.73469387755102","PLCG1","21.993112405767015","false","PLCG1","2.68238077952E11"
"666.272345248144","0.3724584103512015","15.0","0.04368435963988304","4.182602405548096","4.533333333333333","NOS3","5.071428571428571","false","NOS3","4.5519949824E10"
"1547.3028195912432","0.40584088620342396","43.0","0.13075153529644012","5.012287139892578","12.511627906976743","JAK2","20.506126023552884","false","JAK2","4.07796219904E11"
"0.0","0.26671078755790867","2.0","0.0011048093438148499","1.9662657976150513","1.0","AHCY","2.0","false","AHCY","2.9116394E7"
"192.4966624406417","0.3257881972514147","6.0","0.01059090718626976","3.1343536376953125","3.0","DNMT3A","4.4","false","DNMT3A","2.675616256E9"
"690.6667763091411","0.36208445642407905","10.0","0.023409955203533173","3.7403573989868164","4.0","DNMT1","5.688888888888888","false","DNMT1","1.3072346112E10"
"2102.1649136307124","0.3738404452690167","9.0","0.029859278351068497","3.6179468631744385","3.111111111111111","AHR","3.7083333333333335","false","AHR","2.1267113984E10"
"1963.8907757213017","0.41460905349794236","30.0","0.07898817956447601","4.784839153289795","7.6","AR","10.403958879876184","false","AR","1.48824702976E11"
"445.5095102133414","0.28601845280340665","4.0","0.0012154454598203301","2.660248279571533","1.5","CYP1B1","1.9999999999999998","false","CYP1B1","3.52391E7"
"461.6888253259561","0.39509803921568626","21.0","0.06016835942864418","4.501981735229492","7.714285714285714","HSP90AB1","9.934381957911368","false","HSP90AB1","8.6354763776E10"
"3863.921547027772","0.4375678610206297","53.0","0.1353381872177124","5.119748592376709","12.339622641509434","RELA","24.99508342612887","false","RELA","4.36909080576E11"
"1555.1587912665757","0.42510548523206754","41.0","0.137415811419487","4.9853739738464355","13.268292682926829","STAT1","19.5784247232919","false","STAT1","4.50425454592E11"
"8928.33308530812","0.33555370524562866","18.0","0.007010926958173513","4.361743927001953","3.4444444444444446","CYP1A1","7.984221170985877","false","CYP1A1","1.172487168E9"
"7950.081661996908","0.44383259911894274","44.0","0.12313787639141083","5.024949073791504","12.0","ESR1","20.989609917096235","false","ESR1","3.61687547904E11"
"9213.780879479391","0.45230078563411896","68.0","0.1519254595041275","5.226958274841309","9.911764705882353","HSP90AA1","30.369666004439324","false","HSP90AA1","5.50567673856E11"
"86.11818392453486","0.2560355781448539","10.0","3.718785010278225E-4","3.7403573989868164","4.8","AKR1C1","5.944444444444444","false","AKR1C1","3300006.75"
"3.371865780241804","0.2486119679210364","7.0","2.195493143517524E-4","3.3192126750946045","5.428571428571429","SRD5A1","6.333333333333334","false","SRD5A1","1150375.375"
"209.706259442922","0.2553865652724968","10.0","3.425425384193659E-4","3.7403573989868164","5.8","CYP11B1","8.25","false","CYP11B1","2799857.25"
"595.2762290934734","0.266006600660066","10.0","6.006420589983463E-4","3.7403573989868164","3.8","CYP2A6","5.416666666666666","false","CYP2A6","8606801.0"
"209.706259442922","0.2553865652724968","10.0","3.425425384193659E-4","3.7403573989868164","5.8","CYP11B2","8.25","false","CYP11B2","2799857.25"
"97.53666157786097","0.25816784112748237","7.0","4.413505084812641E-4","3.3192126750946045","3.4285714285714284","CYP2D6","3.9999999999999996","false","CYP2D6","4647119.0"
"178.1615612630336","0.2633986928104575","12.0","5.00520458444953E-4","3.9457528591156006","6.333333333333333","CYP17A1","9.406060606060606","false","CYP17A1","5977436.0"
"660.3487598989739","0.2646093237032173","14.0","6.165868835523725E-4","4.111307144165039","6.285714285714286","HSD3B2","11.35050505050505","false","HSD3B2","9070721.0"
"3.371865780241804","0.2486119679210364","7.0","2.195493143517524E-4","3.3192126750946045","5.428571428571429","SRD5A2","6.333333333333334","false","SRD5A2","1150375.375"
"8541.715737760605","0.4492753623188406","62.0","0.14509953558444977","5.189696311950684","10.0","AKT1","26.318131187302274","false","AKT1","5.02205906944E11"
"2024.8785533561181","0.3998015873015873","25.0","0.06592448800802231","4.647572994232178","6.24","RPS6KB1","7.8718752008225685","false","RPS6KB1","1.03667621888E11"
"2034.7992595247538","0.42510548523206754","40.0","0.10944989323616028","4.971054553985596","10.15","NFKB1","15.958355581005382","false","NFKB1","2.85746364416E11"
"196.01292629417676","0.39471106758080315","26.0","0.104643814265728","4.678389072418213","13.153846153846153","IL2","13.954444444444444","false","IL2","2.6120208384E11"
"56.983452732627356","0.3109567901234568","3.0","0.005921620409935713","2.3493075370788574","0.6666666666666666","LNPEP","1.0","false","LNPEP","8.36434688E8"
"83.992496342324","0.3640469738030714","9.0","0.028739089146256447","3.6179468631744385","4.444444444444445","HSPB1","5.0","false","HSPB1","1.9701374976E10"
"1622.4976718051792","0.31533646322378717","5.0","0.005315788090229034","2.917694330215454","0.8","SMO","1.0","false","SMO","6.74040064E8"
"412.9183564024448","0.3780487804878049","18.0","0.05765000358223915","4.361743927001953","7.0","RAF1","8.675222816399287","false","RAF1","7.9277187072E10"
"651.3248164357536","0.38271604938271603","20.0","0.04735927656292915","4.458744525909424","6.0","MDM2","7.971581196581196","false","MDM2","5.3501034496E10"
"142.25173601947256","0.37734082397003743","22.0","0.08458646386861801","4.542192459106445","11.454545454545455","PDGFRB","13.553221288515408","false","PDGFRB","1.70667999232E11"
"8367.477555301606","0.4375678610206297","46.0","0.10416493564844131","5.048813343048096","10.391304347826088","CREBBP","21.9507733016423","false","CREBBP","2.58818113536E11"
"748.8570846474914","0.364376130198915","12.0","0.03991558402776718","3.9457528591156006","4.666666666666667","ITGA2B","5.09090909090909","false","ITGA2B","3.8004453376E10"
"7714.355394366816","0.45795454545454545","77.0","0.19114717841148376","5.27281379699707","13.480519480519481","MAPK3","44.984025711977125","false","MAPK3","8.71536001024E11"
"7797.850250735143","0.4563986409966025","71.0","0.19702310860157013","5.2434234619140625","15.43661971830986","STAT3","40.86003896663549","false","STAT3","9.25942153216E11"
"34.78043385250804","0.37280296022201664","13.0","0.05341250076889992","4.032747268676758","7.230769230769231","ERBB3","7.833333333333332","false","ERBB3","6.805118976E10"
"41.56177299935446","0.3289795918367347","4.0","0.009067986160516739","2.660248279571533","0.5","HSP90B1","0.6666666666666666","false","HSP90B1","1.961423616E9"
"138.31881662662497","0.37698783910196443","14.0","0.04854263737797737","4.111307144165039","6.0","BCL2L1","6.757867132867133","false","BCL2L1","5.6207777792E10"
"21.167536208713557","0.33951137320977254","8.0","0.024860378354787827","3.4787912368774414","3.75","INSR","4.285714285714286","false","INSR","1.4742296576E10"
"176.57882173456986","0.37349397590361444","15.0","0.06675168871879578","4.182602405548096","9.6","S1PR1","10.380952380952381","false","S1PR1","1.06285654016E11"
"1030.130789709037","0.3871277617675312","17.0","0.052903950214385986","4.3070855140686035","6.470588235294118","TERT","7.059615384615385","false","TERT","6.6761621504E10"
"2229.8745288248588","0.3939393939393939","25.0","0.052098266780376434","4.647572994232178","4.56","CASP3","8.391088761599597","false","CASP3","6.4743534592E10"
"877.9247569506329","0.3522727272727273","9.0","0.01957038603723049","3.6179468631744385","2.6666666666666665","PRKDC","3.0","false","PRKDC","9.135862784E9"
"48.82630785778385","0.3450342465753425","6.0","0.02103091962635517","3.1343536376953125","1.3333333333333333","EDNRA","1.9","false","EDNRA","1.055033344E10"
"2887.1903086144694","0.36208445642407905","14.0","0.022609742358326912","4.111307144165039","2.4285714285714284","HSPA5","3.170512820512821","false","HSPA5","1.2193854464E10"
"540.4125369350041","0.3809073724007561","20.0","0.04708436131477356","4.458744525909424","5.1","GSK3B","6.29016721152944","false","GSK3B","5.2881481728E10"
"2042.6859898284577","0.38564593301435407","15.0","0.050151605159044266","4.182602405548096","5.2","NOS2","7.428571428571429","false","NOS2","5.9995611136E10"
"68.71919109642091","0.34297872340425534","9.0","0.02327525056898594","3.6179468631744385","3.3333333333333335","CASP9","3.791666666666667","false","CASP9","1.2922269696E10"
"93.83234761742095","0.3697247706422018","10.0","0.03490457311272621","3.7403573989868164","5.4","RARB","6.126984126984127","false","RARB","2.9061361664E10"
"2070.2489538100203","0.4154639175257732","51.0","0.1673656553030014","5.101251602172852","18.0","LCK","32.21867593014249","false","LCK","6.68163375104E11"
"3119.2276490635863","0.4224318658280922","56.0","0.1589028239250183","5.145301818847656","14.178571428571429","PTPN11","31.560962809108545","false","PTPN11","6.02300350464E11"
"359.25931876073315","0.388996138996139","32.0","0.11381416022777557","4.829796314239502","14.0625","JAK1","18.16124214670704","false","JAK1","3.08988510208E11"
"30.795531789634484","0.34152542372881356","7.0","0.02377232350409031","3.3192126750946045","1.7142857142857142","PIK3CG","2.0","false","PIK3CG","1.3480102912E10"
"380.2425327339403","0.384909264565425","19.0","0.05788036808371544","4.4121413230896","5.894736842105263","MTOR","6.613888888888887","false","MTOR","7.991205888E10"
"942.2781541338577","0.37734082397003743","25.0","0.04746350273489952","4.647572994232178","7.68","CHUK","12.172346873972261","false","CHUK","5.3736624128E10"
"198.49801489491585","0.33388566694283345","12.0","0.015432174317538738","3.9457528591156006","3.3333333333333335","XIAP","4.214393939393939","false","XIAP","5.68073984E9"
"4106.784811495356","0.43661971830985913","50.0","0.12752652168273926","5.091501712799072","11.12","JUN","22.731231803267637","false","JUN","3.87928195072E11"
"402.57151636975414","0.36470588235294116","14.0","0.032342277467250824","4.111307144165039","4.285714285714286","RXRB","6.221611721611722","false","RXRB","2.4951248896E10"
"4.602903716998249","0.3438566552901024","5.0","0.01953154429793358","2.917694330215454","1.6","PIK3CD","2.0","false","PIK3CD","9.099608064E9"
"1058.8452780133575","0.3935546875","23.0","0.06290241330862045","4.57968807220459","6.695652173913044","FOXO1","9.138850038850036","false","FOXO1","9.438117888E10"
"361.5144796362743","0.37280296022201664","16.0","0.03534036502242088","4.247594833374023","4.125","AKT2","5.31904761904762","false","AKT2","2.9791547392E10"
"130.04726046877036","0.3834443387250238","15.0","0.054876577109098434","4.182602405548096","7.6","BCL2","8.275724275724276","false","BCL2","7.1833034752E10"
"105.06778292771264","0.32684509326845096","7.0","0.012160315178334713","3.3192126750946045","1.7142857142857142","GLI2","2.2666666666666666","false","GLI2","3.527276544E9"
"433.4934015174865","0.3838095238095238","28.0","0.10220924764871597","4.734694004058838","13.357142857142858","JAK3","16.052972865914043","false","JAK3","2.49189711872E11"
"533.9823060648159","0.3780487804878049","22.0","0.06962180137634277","4.542192459106445","6.818181818181818","PPP2CA","8.769792127377265","false","PPP2CA","1.15621904384E11"
"7602.356039086724","0.41503604531410915","32.0","0.05915192514657974","4.829796314239502","5.9375","RXRA","14.906894370651486","false","RXRA","8.3462201344E10"
"549.4946722565481","0.36603088101725706","22.0","0.04125412181019783","4.542192459106445","7.545454545454546","IKBKB","11.275918302543689","false","IKBKB","4.0596189184E10"
"1804.5065761109129","0.41460905349794236","31.0","0.08344244211912155","4.807915210723877","9.612903225806452","HIF1A","14.988842010983571","false","HIF1A","1.66082936832E11"
"16.62464743940757","0.3556928508384819","10.0","0.03427480161190033","3.7403573989868164","5.2","FKBP5","5.777777777777779","false","FKBP5","2.8022054912E10"
"102.40490757370762","0.3441502988898377","11.0","0.02726132422685623","3.848881721496582","4.545454545454546","MAP3K14","5.0","false","MAP3K14","1.7727371264E10"
"112.47518016734338","0.33611342785654713","6.0","0.015431259758770466","3.1343536376953125","0.6666666666666666","NOS1","0.8","false","NOS1","5.680053248E9"
"662.3885694594185","0.3812677388836329","25.0","0.0784895122051239","4.647572994232178","9.84","VAV1","11.719055944055944","false","VAV1","1.46951487488E11"
"3006.6141085828426","0.3111969111969112","8.0","0.004173948895186186","3.4787912368774414","0.5","ALB","2.142857142857143","false","ALB","4.15569952E8"
"804.0","0.2377581120943953","2.0","1.3561466766986996E-4","1.9662657976150513","0.0","TTR","0.0","false","TTR","438699.28125"
"0.0","0.2374779021803182","1.0","1.3547194248531014E-4","1.4827558994293213","0.0","BCHE","0.0","false","BCHE","437775.6875"
"206.6792782072691","0.31533646322378717","3.0","0.0037991597782820463","2.3493075370788574","0.6666666666666666","GCG","1.0","false","GCG","3.44291616E8"
"382.11813826317825","0.30029806259314457","3.0","0.002708314685150981","2.3493075370788574","0.6666666666666666","SHBG","1.5","false","SHBG","1.74965056E8"
"0.0","0.2458816351433801","2.0","2.2346829064190388E-4","1.9662657976150513","1.0","SERPINA6","2.0","false","SERPINA6","1191196.375"
"0.0","0.2054026503567788","3.0","1.2302686627663206E-5","2.3493075370788574","2.0","ALDH2","3.0","false","ALDH2","3620.470947265625"
"1830.6380745625713","0.25377833753148615","6.0","2.7227847022004426E-4","3.1343536376953125","1.3333333333333333","COMT","2.9333333333333336","false","COMT","1768516.125"
"0.0","0.2054026503567788","3.0","1.2302702089073136E-5","2.3493075370788574","2.0","AOC3","3.0","false","AOC3","3620.47998046875"
"388.72003051639035","0.23174238067855088","7.0","9.340385440737009E-5","3.3192126750946045","1.7142857142857142","MAOA","3.4","false","MAOA","208230.921875"
"0.6195002315691971","0.30976172175249805","3.0","0.011930085718631744","2.3493075370788574","1.3333333333333333","ALK","2.0","false","ALK","3.394991872E9"
"1020.0057178664904","0.3023255813953488","8.0","0.001963359536603093","3.4787912368774414","3.5","ALOX15","4.266666666666666","false","ALOX15","9.1950776E7"
"414.34030101880944","0.2868327402135231","9.0","9.358292445540428E-4","3.6179468631744385","4.0","CYP2C9","4.998809523809523","false","CYP2C9","2.0890968E7"
"878.8153171482336","0.24573170731707317","12.0","2.4223914078902453E-4","3.9457528591156006","3.0","CYP1A2","5.437409812409812","false","CYP1A2","1400444.25"
"359.64994014586426","0.2637434554973822","6.0","3.4720436087809503E-4","3.1343536376953125","2.0","PTGS1","2.4","false","PTGS1","2875601.75"
"2989.08702742901","0.35537918871252205","9.0","0.015508708544075489","3.6179468631744385","2.0","PTGS2","2.4285714285714284","false","PTGS2","5.737217024E9"
"767.8342537098973","0.2812281926029309","9.0","7.130670710466802E-4","3.6179468631744385","3.7777777777777777","CYP2C19","4.91547619047619","false","CYP2C19","1.2129005E7"
"1071.9662016279128","0.28806290207290924","7.0","0.0012774522183462977","3.3192126750946045","2.5714285714285716","ALOX5","3.0999999999999996","false","ALOX5","3.8926124E7"
"3051.1725301150714","0.3893719806763285","21.0","0.04027653858065605","4.501981735229492","5.714285714285714","HSPA8","10.063499245852189","false","HSPA8","3.8695067648E10"
"979.8913445315358","0.3435635123614663","9.0","0.019827624782919884","3.6179468631744385","2.888888888888889","MAPKAPK2","3.333333333333333","false","MAPKAPK2","9.377585152E9"
"0.0","0.22376457523598","1.0","4.149430969846435E-5","1.4827558994293213","0.0","ALOX5AP","0.0","false","ALOX5AP","41073.484375"
"170.74160996028672","0.22858763471355645","2.0","4.1123934352071956E-5","1.9662657976150513","0.0","AMPD2","0.0","false","AMPD2","40345.703125"
"38.98947498078153","0.2024108488196886","2.0","1.4210132576408796E-5","1.9662657976150513","0.0","ATIC","0.0","false","ATIC","4819.17041015625"
"120.02126434987673","0.3308702791461412","8.0","0.014621377922594547","3.4787912368774414","3.25","APEX1","4.523809523809525","false","APEX1","5.099572224E9"
"79.03591074239841","0.3389402859545837","7.0","0.013392169028520584","3.3192126750946045","2.0","EPAS1","2.5","false","EPAS1","4.278141952E9"
"4849.47965978417","0.4108053007135576","45.0","0.08552077412605286","5.037108421325684","9.466666666666667","HDAC1","22.535001858624874","false","HDAC1","1.74460076032E11"
"487.9753567921129","0.3492201039861352","13.0","0.021351385861635208","4.032747268676758","3.5384615384615383","PARP1","5.8353174603174605","false","PARP1","1.087444992E10"
"32.25052538258731","0.2909747292418773","5.0","0.0029917480424046516","2.917694330215454","1.6","FEN1","2.1666666666666665","false","FEN1","2.13508064E8"
"22.74559319724179","0.31508991399530883","4.0","0.00551416864618659","2.660248279571533","2.5","POLB","3.333333333333333","false","POLB","7.2529984E8"
"1.5235148548491877","0.3295175797219951","5.0","0.016137924045324326","2.917694330215454","3.2","HDAC7","4.0","false","HDAC7","6.212261376E9"
"3922.7893591033103","0.3687099725526075","23.0","0.04358644410967827","4.57968807220459","6.608695652173913","SIRT1","10.537067099567098","false","SIRT1","4.5316616192E10"
"1063.3660615030049","0.4124872057318321","30.0","0.07755514234304428","4.784839630126953","9.8","CCND1","15.440981059674343","false","CCND1","1.4347362304E11"
"1180.7152790026068","0.40421263791374124","32.0","0.08952197432518005","4.82979679107666","9.8125","NR3C1","13.441183670286438","false","NR3C1","1.91165841408E11"
"2.076733483413801","0.3366750208855472","5.0","0.016008393839001656","2.917694330215454","2.8","BRD4","3.5","false","BRD4","6.11294208E9"
"187.3225323925434","0.36078782452999103","14.0","0.03214118629693985","4.111307144165039","6.285714285714286","CDK6","7.1186480186480185","false","CDK6","2.464188416E10"
"1213.8489553783936","0.37698783910196443","24.0","0.05899208039045334","4.6147379875183105","4.25","PRKACA","5.2909571060398894","false","PRKACA","8.3011248128E10"
"426.73347400987234","0.38235294117647056","17.0","0.04455982893705368","4.3070855140686035","6.705882352941177","EZH2","8.641666666666666","false","EZH2","4.73629696E10"
"1390.0699414743012","0.3784037558685446","20.0","0.04723890870809555","4.458744525909424","5.6","CASP8","7.7673677199992985","false","CASP8","5.3229236224E10"
"145.07020990155746","0.3591800356506239","13.0","0.033750973641872406","4.032747268676758","5.846153846153846","CCND3","6.566666666666666","false","CCND3","2.7172050944E10"
"237.7219097571727","0.3809073724007561","15.0","0.045040588825941086","4.182602405548096","6.133333333333334","HSPA1A","7.272435897435896","false","HSPA1A","4.8390373376E10"
"5.0082049703615485","0.2884753042233357","3.0","0.0035481073427945375","2.3493075370788574","0.0","ARG1","0.0","false","ARG1","3.00292096E8"
"717.5613080221434","0.24648318042813455","4.0","3.96377028664574E-4","2.660248279571533","0.5","DHFR","1.3333333333333333","false","DHFR","3747725.5"
"0.0","0.3333333333333333","2.0","0.012455896474421024","1.9662657976150513","1.0","AXL","2.0","false","AXL","3.700839936E9"
"8404.159378628285","0.45795454545454545","78.0","0.19442710280418396","5.27730655670166","13.307692307692308","MAPK1","44.3562383745459","false","MAPK1","9.01702221824E11"
"925.4132450955766","0.40872210953346855","38.0","0.12464457005262375","4.940492630004883","12.157894736842104","STAT5B","17.31991010678621","false","STAT5B","3.70592219136E11"
"133.22641061955156","0.37349397590361444","24.0","0.08050358295440674","4.6147379875183105","13.25","BLK","16.097685406381057","false","BLK","1.54589970432E11"
"301.4206305303386","0.38862102217936356","31.0","0.10267847031354904","4.807915210723877","14.193548387096774","YES1","19.06626320539364","false","YES1","2.51483488256E11"
"811.3866589117665","0.35950044603033005","16.0","0.04356721043586731","4.247594833374023","5.125","SNCA","5.943589743589744","false","SNCA","4.5276192768E10"
"190.77792788132712","0.3474137931034483","14.0","0.040693458169698715","4.111307144165039","6.428571428571429","EPHB2","7.149766899766899","false","EPHB2","3.9500283904E10"
"1428.455600955345","0.4095528455284553","48.0","0.15048319101333618","5.070939064025879","15.041666666666666","LYN","26.51446851090587","false","LYN","5.40164358144E11"
"238.5522319127864","0.3544415127528584","15.0","0.04570268094539642","4.182602405548096","6.8","EPHB1","7.638777888777889","false","EPHB1","4.9823522816E10"
"4523.324412757416","0.41632231404958675","57.0","0.1592237502336502","5.153286933898926","14.982456140350877","FYN","32.440904599122334","false","FYN","6.04736126976E11"
"529.8086165074914","0.3816287878787879","27.0","0.08458776772022247","4.7073774337768555","12.444444444444445","FGR","15.899654934437544","false","FGR","1.70673422336E11"
"1749.747240965886","0.41122448979591836","40.0","0.12106681615114212","4.971054553985596","12.3","PTK2","20.267206826989437","false","PTK2","3.49623320576E11"
"120.52372397977993","0.3489177489177489","14.0","0.04933490976691246","4.111307144165039","9.285714285714286","ITK","10.0","false","ITK","5.805776896E10"
"2258.671141763939","0.39278752436647174","36.0","0.10871939361095428","4.907060146331787","10.61111111111111","PTK2B","15.31536526959831","false","PTK2B","2.81944850432E11"
"803.0064054198757","0.3974358974358974","27.0","0.09676016122102737","4.7073774337768555","9.703703703703704","PRKCD","11.127214352853741","false","PRKCD","2.23327797248E11"
"1526.956989519621","0.3974358974358974","31.0","0.08874327689409256","4.807915210723877","8.451612903225806","MAPK11","12.193100851178654","false","MAPK11","1.87854012416E11"
"449.3867481107076","0.3882466281310212","31.0","0.10849589109420776","4.807915210723877","12.838709677419354","SYK","15.410528613898181","false","SYK","2.80786763776E11"
"66.06322166421897","0.3489177489177489","16.0","0.05364594608545303","4.247594833374023","10.125","ZAP70","11.555128205128204","false","ZAP70","6.8647612416E10"
"11.842423354647755","0.3284433577832111","8.0","0.023531530052423477","3.4787912368774414","4.75","BRAF","5.452380952380952","false","BRAF","1.3208389632E10"
"133.54059115159106","0.35790408525754885","11.0","0.03253302723169327","3.848881721496582","4.909090909090909","PIN1","5.657142857142857","false","PIN1","2.5246355456E10"
"19.90682203205971","0.3489177489177489","7.0","0.023958658799529076","3.3192126750946045","2.5714285714285716","MAP3K11","2.9999999999999996","false","MAP3K11","1.3692246016E10"
"310.07170123659785","0.37142857142857144","17.0","0.04063844680786133","4.307085037231445","6.705882352941177","SMARCA4","9.301785714285714","false","SMARCA4","3.9393808384E10"
"0.0","0.26759628154050463","1.0","0.0010735635878518224","1.4827558994293213","0.0","C5AR1","0.0","false","C5AR1","2.749198E7"
"1505.3098259687395","0.365036231884058","17.0","0.033062346279621124","4.307085037231445","3.6470588235294117","TLR4","5.200378787878789","false","TLR4","2.6074566656E10"
"0.0","0.30142109199700823","1.0","0.0033524713944643736","1.4827558994293213","0.0","CA2","0.0","false","CA2","2.68090848E8"
"46.017885046626","0.33005733005733007","3.0","0.007343872915953398","2.3493075370788574","0.0","CAMK4","0.0","false","CAMK4","1.286471296E9"
"144.20086917385674","0.3322341302555647","9.0","0.015976406633853912","3.6179468631744385","2.4444444444444446","HDAC4","2.7916666666666665","false","HDAC4","6.08854784E9"
"4.802806926106867","0.33695652173913043","4.0","0.014553702436387539","2.660248279571533","2.0","CAPN1","2.6666666666666665","false","CAPN1","5.052397568E9"
"2322.1234944007974","0.3841754051477598","29.0","0.05937108397483826","4.760470390319824","5.724137931034483","ITGB1","11.5132593748962","false","ITGB1","8.4081451008E10"
"1265.5892231941361","0.330327868852459","8.0","0.008685990236699581","3.4787912368774414","1.5","CASP1","1.795238095238095","false","CASP1","1.799666176E9"
"1306.7716008357495","0.29896142433234424","5.0","0.002444419777020812","2.917694330215454","0.8","CTSG","1.0","false","CTSG","1.425284E8"
"158.52536120738827","0.33278282411230387","11.0","0.013623920269310474","3.848881721496582","4.7272727272727275","RIPK2","5.6190476190476195","false","RIPK2","4.4274688E9"
"50.89409670444879","0.2958883994126285","7.0","0.0062547833658754826","3.3192126750946045","3.142857142857143","NOD2","3.666666666666666","false","NOD2","9.3320576E8"
"846.9644416909722","0.3358333333333333","6.0","0.014714501798152924","3.1343536376953125","1.3333333333333333","NLRP3","1.5999999999999999","false","NLRP3","5.16466432E9"
"0.0","0.24845869297163994","1.0","2.822240348905325E-4","1.4827558994293213","0.0","CASP4","0.0","false","CASP4","1899984.875"
"671.5723776133157","0.3673655423883318","16.0","0.051472023129463196","4.247594833374023","5.125","PRKCQ","6.441025641025642","false","PRKCQ","6.3196393472E10"
"36.8576834720215","0.34123624047417445","7.0","0.013376755639910698","3.3192126750946045","2.857142857142857","CASP6","3.666666666666667","false","CASP6","4.2682688E9"
"836.3918666590861","0.35506607929515416","11.0","0.035890690982341766","3.848881721496582","3.272727272727273","LPAR1","3.599999999999999","false","LPAR1","3.0726506496E10"
"0.0","0.2828070175438597","1.0","0.0016917618922889233","1.4827558994293213","0.0","SLK","0.0","false","SLK","6.8269872E7"
"7.288832157048027","0.3071646341463415","3.0","0.0076974015682935715","2.3493075370788574","0.0","LIMK1","0.0","false","LIMK1","1.413313536E9"
"0.75","0.3203497615262321","4.0","0.007067808881402016","2.660248279571533","2.5","TOP1","3.333333333333333","false","TOP1","1.191580928E9"
"490.82943950165156","0.37280296022201664","18.0","0.04338289052248001","4.361743927001953","4.222222222222222","MAPT","5.312002376708259","false","MAPT","4.489381888E10"
"137.62702216259896","0.35982142857142857","15.0","0.03804860636591911","4.182602405548096","7.466666666666667","TNFRSF1A","8.34075924075924","false","TNFRSF1A","3.4532483072E10"
"0.0","0.27471029311520107","1.0","0.0015342454425990582","1.4827558994293213","0.0","PLEC","0.0","false","PLEC","5.6149056E7"
"804.0","0.2945906432748538","2.0","0.005172679666429758","1.9662656784057617","0.0","CASR","0.0","false","CASR","6.38238336E8"
"0.0","0.22768361581920904","1.0","1.6781951126176864E-4","1.4827558994293213","0.0","GABBR1","0.0","false","GABBR1","671803.8125"
"1044.7708226253076","0.33388566694283345","11.0","0.015062659978866577","3.848881721496582","4.181818181818182","CCNA2","4.983333333333334","false","CCNA2","5.412013056E9"
"285.6122723735102","0.3794726930320151","16.0","0.04041904956102371","4.247594833374023","6.75","CDK4","7.990326340326341","false","CDK4","3.896928256E10"
"162.4583445543578","0.35537918871252205","14.0","0.03323356807231903","4.111307144165039","6.285714285714286","CDK2","7.032750582750583","false","CDK2","2.634546176E10"
"381.47713793363494","0.2909747292418773","4.0","0.002347423695027828","2.660248279571533","1.0","TYMS","1.3333333333333333","false","TYMS","1.3144352E8"
"0.0","0.2504661280298322","1.0","4.895248566754162E-4","1.4827558994293213","0.0","CDK3","0.0","false","CDK3","5716345.5"
"5684.266598216793","0.39278752436647174","21.0","0.03551848232746124","4.501981735229492","5.142857142857143","CDK1","8.115527235921974","false","CDK1","3.0092664832E10"
"90.18796207414643","0.36470588235294116","13.0","0.04151564836502075","4.0327467918396","6.153846153846154","MAPK12","6.900757575757576","false","MAPK12","4.111243264E10"
"107.61434650771018","0.32473811442385175","8.0","0.015169638209044933","3.4787912368774414","1.25","PSMB2","1.5095238095238095","false","PSMB2","5.489115648E9"
"0.0","0.33005733005733007","5.0","0.01425901334732771","2.917694330215454","4.0","RORC","5.0","false","RORC","4.849865216E9"
"2.16482870051875","0.33278282411230387","6.0","0.01817794144153595","3.1343536376953125","4.0","PIM1","5.0","false","PIM1","7.882056192E9"
"137.05835373716195","0.34952298352124894","12.0","0.02382816933095455","3.9457528591156006","4.5","CDK5","4.909090909090909","false","CDK5","1.3543600128E10"
"93.4885827533161","0.35506607929515416","10.0","0.027476737275719643","3.7403573989868164","4.4","XPO1","4.902777777777778","false","XPO1","1.8008756224E10"
"30.353646542497927","0.3252623083131558","6.0","0.012573540210723877","3.1343536376953125","2.3333333333333335","FABP4","2.8000000000000003","false","FABP4","3.771127808E9"
"25.502269240162004","0.330327868852459","6.0","0.013260770589113235","3.1343536376953125","0.6666666666666666","PTK6","0.8","false","PTK6","4.194574336E9"
"1008.9625362599697","0.3834443387250238","19.0","0.05382607504725456","4.4121413230896","6.105263157894737","CXCL8","7.456060606060607","false","CXCL8","6.9109088256E10"
"0.0","0.22265193370165745","2.0","1.0688305337680504E-4","1.9662656784057617","1.0","CD38","2.0","false","CD38","272541.5625"
"329.64159889991083","0.27471029311520107","4.0","0.0016144716646522284","2.660248279571533","2.0","NAMPT","3.333333333333333","false","NAMPT","6.2176852E7"
"2.993268211044722","0.3111969111969112","3.0","0.007639903109520674","2.3493075370788574","1.3333333333333333","CD81","2.0","false","CD81","1.392279296E9"
"140.75147281187475","0.3389402859545837","9.0","0.019891781732439995","3.6179468631744385","3.3333333333333335","ITGA4","4.483333333333333","false","ITGA4","9.438388224E9"
"0.0","0.23678025851938894","2.0","9.503387991571799E-5","1.9662656784057617","1.0","CDA","2.0","false","CDA","215456.328125"
"330.8729218969328","0.34831460674157305","7.0","0.021284479647874832","3.3192126750946045","3.4285714285714284","DUT","4.166666666666666","false","DUT","1.0806274048E10"
"1439.1492751812316","0.380547686496695","19.0","0.04247843846678734","4.4121413230896","6.2105263157894735","PPARG","7.2193944943944945","false","PPARG","4.3041878016E10"
"320.2410422931511","0.36208445642407905","10.0","0.022987324744462967","3.7403573989868164","3.4","HDAC6","4.211111111111112","false","HDAC6","1.260461056E10"
"36.52428808411921","0.3372384937238494","6.0","0.010944465175271034","3.1343536376953125","2.6666666666666665","VCP","3.2","false","VCP","2.85719552E9"
"0.0","0.3292483660130719","3.0","0.014741450548171997","2.3493075370788574","2.0","CHRNB1","3.0","false","CHRNB1","5.183593472E9"
"202.65653776714075","0.32473811442385175","14.0","0.018436549231410027","4.111307144165039","5.428571428571429","TAB1","7.107808857808857","false","TAB1","8.107934208E9"
"1584.7279479259828","0.4124872057318321","32.0","0.08969535678625107","4.82979679107666","9.375","NFKBIA","12.297305917503163","false","NFKBIA","1.91906643968E11"
"459.1304525050477","0.34562607204116635","20.0","0.03306372091174126","4.458744525909424","5.7","MAP3K7","8.481134654818865","false","MAP3K7","2.6076760064E10"
"80.78809134202335","0.3257881972514147","12.0","0.019325362518429756","3.9457528591156006","6.666666666666667","IRAK1","7.954545454545455","false","IRAK1","8.908553216E9"
"1026.974401357834","0.36241007194244607","15.0","0.04437832906842232","4.182602405548096","4.533333333333333","NTRK1","5.493406593406594","false","NTRK1","4.6977683456E10"
"2.052611367127496","0.28642501776830137","5.0","0.005181665066629648","2.917694330215454","3.6","IRAK4","4.5","false","IRAK4","6.40459712E8"
"870.4060910394713","0.2238888888888889","3.0","3.2771346013760194E-5","2.3493075370788574","0.0","DRD2","0.0","false","DRD2","25622.099609375"
"24.397915552211416","0.276027397260274","3.0","0.0013688441831618547","2.3493075370788574","0.6666666666666666","CPB2","1.0","false","CPB2","4.4694952E7"
"14.252593205911163","0.2812281926029309","3.0","0.002513438928872347","2.3493075370788574","1.3333333333333333","F2R","2.0","false","F2R","1.50690928E8"
"1715.8716147653734","0.32265812650120096","13.0","0.006180319935083389","4.0327467918396","1.0769230769230769","PLG","1.9449494949494948","false","PLG","9.11111488E8"
"0.0","0.3141075604053001","2.0","0.005305462516844273","1.9662656784057617","1.0","CPT2","2.0","false","CPT2","6.71433664E8"
"0.0","0.3141075604053001","2.0","0.005305462516844273","1.9662656784057617","1.0","SLC27A1","2.0","false","SLC27A1","6.71433664E8"
"0.0","0.3141075604053001","2.0","0.005305462516844273","1.9662656784057617","1.0","HMGCR","2.0","false","HMGCR","6.71433664E8"
"118.3073897699229","0.3305988515176374","6.0","0.012951831333339214","3.1343536376953125","0.6666666666666666","NFE2L2","1.1","false","NFE2L2","4.00141312E9"
"25.93775671744239","0.33555370524562866","7.0","0.018891487270593643","3.3192129135131836","2.857142857142857","NR1H3","3.3333333333333335","false","NR1H3","8.513082368E9"
"3316.6598000200897","0.4269067796610169","44.0","0.11498942971229553","5.024949073791504","10.681818181818182","VEGFA","22.264920360539815","false","VEGFA","3.15402780672E11"
"4.506499512206298","0.330327868852459","4.0","0.009708482772111893","2.660248279571533","2.0","PPARD","2.6666666666666665","false","PPARD","2.24831488E9"
"814.870958322722","0.33752093802345057","8.0","0.015658462420105934","3.4787912368774414","3.75","VDR","4.285714285714286","false","VDR","5.8486272E9"
"308.64937542539616","0.3640469738030714","15.0","0.034362997859716415","4.182602405548096","7.2","HDAC2","8.773015873015874","false","HDAC2","2.816677888E10"
"5.876920719560131","0.31958762886597936","4.0","0.011442725546658039","2.660248279571533","2.0","CSF1R","2.6666666666666665","false","CSF1R","3.12327296E9"
"11.16827979178227","0.31657501963864887","6.0","0.012399028986692429","3.1343536376953125","3.0","PGF","3.733333333333334","false","PGF","3.667133952E9"
"123.06560290895277","0.36569872958257715","18.0","0.06582509726285934","4.361743927001953","9.555555555555555","PTPN2","10.834733893557424","false","PTPN2","1.03355392E11"
"133.24482332050812","0.3653671804170444","9.0","0.023672087118029594","3.6179468631744385","3.3333333333333335","CSNK2A1","4.5","false","CSNK2A1","1.3366745088E10"
"2.181138426027605","0.32978723404255317","3.0","0.008369307965040207","2.3493075370788574","1.3333333333333333","CSNK2A2","2.0","false","CSNK2A2","1.670832E9"
"909.6360162979228","0.3435635123614663","7.0","0.014487026259303093","3.3192129135131836","1.4285714285714286","LGALS3","1.6666666666666665","false","LGALS3","5.006199808E9"
"612.0866183411592","0.388996138996139","25.0","0.0723583996295929","4.647573471069336","8.48","KDR","11.618017645894883","false","KDR","1.24890103808E11"
"532.7397181852576","0.3912621359223301","19.0","0.06577537953853607","4.4121413230896","6.2105263157894735","IGF1R","7.969421101774043","false","IGF1R","1.03199186944E11"
"40.127605423918816","0.36569872958257715","8.0","0.03323158994317055","3.4787912368774414","4.25","NTRK2","4.857142857142857","false","NTRK2","2.634220544E10"
"49.78981073105119","0.3295175797219951","6.0","0.012919514440000057","3.1343536376953125","1.0","GRIA2","1.2000000000000002","false","GRIA2","3.981472768E9"
"555.6728096975013","0.3522727272727273","10.0","0.021599693223834038","3.7403573989868164","4.0","MMP3","5.222222222222221","false","MMP3","1.1128707072E10"
"93.24606590112093","0.3585409252669039","7.0","0.025828860700130463","3.3192129135131836","3.7142857142857144","ROCK2","4.333333333333334","false","ROCK2","1.5913295872E10"
"13.190650617638644","0.33611342785654713","5.0","0.012994135729968548","2.917694330215454","3.6","MEN1","4.5","false","MEN1","4.027629824E9"
"116.63296119290389","0.3218849840255591","7.0","0.010044028982520103","3.3192129135131836","2.0","PSENEN","2.5","false","PSENEN","2.4063872E9"
"290.27629976756566","0.3766355140186916","23.0","0.08454614877700806","4.57968807220459","12.173913043478262","PTPN6","13.624722336487043","false","PTPN6","1.70505355264E11"
"35.60410486816214","0.365036231884058","9.0","0.03597622364759445","3.6179468631744385","3.3333333333333335","RET","3.75","false","RET","3.0873157632E10"
"0.0","0.30142109199700823","1.0","0.0033524713944643736","1.4827558994293213","0.0","PTPRF","0.0","false","PTPRF","2.68090848E8"
"2451.0785055262927","0.352580927384077","8.0","0.02636164054274559","3.4787912368774414","2.25","FGFR1","2.892857142857143","false","FGFR1","1.6576562176E10"
"0.0","0.30142109199700823","1.0","0.0033524713944643736","1.4827558994293213","0.0","NR5A1","0.0","false","NR5A1","2.68090848E8"
"0.0","0.24633251833740832","1.0","9.99491661787033E-4","1.4827558994293213","0.0","CTSA","0.0","false","CTSA","2.3829576E7"
"2453.2358632041523","0.326580226904376","14.0","0.0308091938495636","4.111307144165039","4.571428571428571","HLA-DRB1","5.337606837606838","false","HLA-DRB1","2.2641897472E10"
"1131.5740448451345","0.2448359659781288","5.0","1.1071222979808226E-4","2.917694330215454","0.0","MPO","0.0","false","MPO","292384.5625"
"1683.9423723275713","0.3794726930320151","11.0","0.021741921082139015","3.848881721496582","2.0","IGFBP3","2.35","false","IGFBP3","1.1275771904E10"
"1380.4586901771445","0.34297872340425534","12.0","0.017796805128455162","3.9457528591156006","4.666666666666667","MMP1","6.395959595959596","false","MMP1","7.554986496E9"
"1339.9198121592653","0.35790408525754885","14.0","0.026951512321829796","4.111307144165039","4.857142857142857","MMP9","6.942113442113443","false","MMP9","1.7326710784E10"
"0.0","0.24633251833740832","1.0","9.99491661787033E-4","1.4827558994293213","0.0","CTSL","0.0","false","CTSL","2.3829576E7"
"0.0","0.24633251833740832","1.0","9.99491661787033E-4","1.4827558994293213","0.0","CTSS","0.0","false","CTSS","2.3829576E7"
"2444.4121515807683","0.3738404452690167","16.0","0.042590461671352386","4.247594833374023","3.625","DNM1","4.580952380952381","false","DNM1","4.3268763648E10"
"1878.6478594348532","0.38787295476419636","29.0","0.08543138206005096","4.760470390319824","9.241379310344827","IL6","12.503968202395312","false","IL6","1.74094237696E11"
"56.56138617606948","0.30323551542513166","4.0","0.0054683987982571125","2.660248279571533","1.0","CXCR2","1.3333333333333333","false","CXCR2","7.13296256E8"
"8.729568240324431","0.27966689798750866","2.0","0.0024127764627337456","1.9662656784057617","0.0","MIF","0.0","false","MIF","1.38862704E8"
"0.0","0.2722972972972973","1.0","0.0013823697809129953","1.4827558994293213","0.0","CXCR3","0.0","false","CXCR3","4.5582572E7"
"1069.033497071762","0.33005733005733007","10.0","0.021669022738933563","3.7403573989868164","2.2","PTPRC","2.652380952380952","false","PTPRC","1.1200310272E10"
"4355.864082639001","0.3263157894736842","11.0","0.0043635861948132515","3.848881721496582","4.909090909090909","CYP19A1","6.622222222222223","false","CYP19A1","4.54193888E8"
"1636.0168510537812","0.31459797033567527","9.0","0.003643312957137823","3.6179468631744385","2.888888888888889","HSD11B1","3.375","false","HSD11B1","3.16632768E8"
"0.2857142857142857","0.24845869297163994","7.0","2.1474383538588881E-4","3.3192129135131836","5.714285714285714","HSD17B3","6.666666666666667","false","HSD17B3","1100556.625"
"0.0","0.20956838273530942","3.0","4.2374860640848055E-5","2.3493075370788574","2.0","HSD11B2","3.0","false","HSD11B2","42944.0625"
"16.48016583050553","0.256524506683641","5.0","3.0925561441108584E-4","2.917694330215454","3.6","STS","4.5","false","STS","2281816.0"
"16.48016583050553","0.2553865652724968","4.0","2.9244658071547747E-4","2.660248279571533","2.5","CYP26A1","3.333333333333333","false","CYP26A1","2040381.125"
"188.7276007152263","0.33168724279835393","3.0","0.0076546017080545425","2.3493075370788574","0.6666666666666666","GSTP1","1.0","false","GSTP1","1.397642496E9"
"1695.2492846064076","0.2560355781448539","5.0","2.785976976156235E-4","2.917694330215454","0.4","IDO1","0.5833333333333333","false","IDO1","1851589.125"
"1270.2738070835385","0.23512252042007","4.0","6.340797699522227E-5","2.660248279571533","0.5","XDH","0.6666666666666666","false","XDH","95936.0234375"
"269.3930693625387","0.22314507198228128","4.0","3.310067768325098E-5","2.660248279571533","1.0","NAT1","1.3333333333333333","false","NAT1","26177.568359375"
"0.0","0.2525062656641604","1.0","5.088993930257857E-4","1.4827558994293213","0.0","CYP24A1","0.0","false","CYP24A1","6177792.5"
"60.54971549018185","0.30119581464872947","2.0","0.001958810957148671","1.9662656784057617","0.0","NR1I2","0.0","false","NR1I2","9.1525776E7"
"0.0","0.22717023675310033","1.0","4.066222027176991E-5","1.4827558994293213","0.0","PDE8B","0.0","false","PDE8B","39444.1953125"
"0.0","0.22717023675310033","1.0","4.066222027176991E-5","1.4827558994293213","0.0","PDE4C","0.0","false","PDE4C","39444.1953125"
"0.0","0.22717023675310033","1.0","4.066222027176991E-5","1.4827558994293213","0.0","PDE2A","0.0","false","PDE2A","39444.1953125"
"0.0","0.27869986168741356","2.0","0.0016831887187436223","1.9662657976150513","1.0","DDO","2.0","false","DDO","6.757968E7"
"0.0","0.27869986168741356","2.0","0.0016831887187436223","1.9662657976150513","1.0","HAO1","2.0","false","HAO1","6.757968E7"
"0.0","0.23973825104104698","2.0","3.220399667043239E-4","1.9662657976150513","1.0","QDPR","2.0","false","QDPR","2473831.25"
"2665.6490279065197","0.31167826759474093","7.0","0.009523849003016949","3.3192129135131836","1.1428571428571428","TH","2.333333333333333","false","TH","2.163588096E9"
"0.0","0.2722972972972973","1.0","0.0013823697809129953","1.4827558994293213","0.0","GABRA1","0.0","false","GABRA1","4.5582572E7"
"1154.5067458129663","0.27046979865771814","2.0","7.352377288043499E-4","1.9662657976150513","0.0","SIGMAR1","0.0","false","SIGMAR1","1.2894549E7"
"0.0","0.18301544050862853","1.0","1.0655461437636404E-6","1.4827558994293213","0.0","OXTR","0.0","false","OXTR","28.738847732543945"
"58.749463593864995","0.3519650655021834","11.0","0.03512140363454819","3.848881721496582","4.7272727272727275","DUSP1","5.666666666666667","false","DUSP1","2.9423446016E10"
"10.619928306423347","0.3432708688245315","6.0","0.01671123504638672","3.1343536376953125","3.3333333333333335","MAPK10","4.0","false","MAPK10","6.661452288E9"
"0.0","0.3155833985904464","2.0","0.005786307621747255","1.9662657976150513","1.0","DYRK2","2.0","false","DYRK2","7.98653504E8"
"10.063531201769846","0.31958762886597936","3.0","0.008675611577928066","2.3493075370788574","0.6666666666666666","EDNRB","1.0","false","EDNRB","1.795354624E9"
"2.7305153128385835","0.2945906432748538","2.0","0.0033764720428735018","1.9662657976150513","0.0","EEF2K","0.0","false","EEF2K","2.71941728E8"
"309.2668789199401","0.3614349775784753","12.0","0.0380774550139904","3.9457528591156006","6.0","MAPK13","6.647727272727273","false","MAPK13","3.4584809472E10"
"2.106580544549577","0.3459227467811159","7.0","0.03167279064655304","3.3192129135131836","4.857142857142857","PDGFRA","5.666666666666666","false","PDGFRA","2.3928926208E10"
"0.0","0.3180741910023678","2.0","0.010239406488835812","1.9662657976150513","1.0","TNK2","2.0","false","TNK2","2.50092288E9"
"276.4289233429294","0.34831460674157305","7.0","0.01847383938729763","3.3192129135131836","2.2857142857142856","PLAU","2.6666666666666665","false","PLAU","8.140753408E9"
"24.296876580569585","0.29785661492978566","3.0","0.0025352146476507187","2.3493075370788574","0.0","EIF2AK3","0.0","false","EIF2AK3","1.53315584E8"
"154.60994806043294","0.26219908913467793","2.0","5.81301108468324E-4","1.9662657976150513","0.0","ELANE","0.0","false","ELANE","8060323.5"
"10.859922637955327","0.3418150975402884","5.0","0.014604821801185608","2.917694330215454","2.8","VHL","3.5","false","VHL","5.087973376E9"
"0.0","0.30952380952380953","2.0","0.006257704459130764","1.9662657976150513","1.0","HDAC9","2.0","false","HDAC9","9.3408992E8"
"435.20839835685797","0.3630630630630631","13.0","0.03272325545549393","4.0327467918396","4.461538461538462","MMP2","5.153030303030302","false","MMP2","2.5542457344E10"
"22.384555771074933","0.27869986168741356","4.0","0.0027518507558852434","2.660248279571533","1.0","EPHB3","1.3333333333333333","false","EPHB3","1.80634112E8"
"30.090769330659274","0.3731481481481482","10.0","0.04302879795432091","3.7403573989868164","5.8","PGR","6.444444444444444","false","PGR","4.4163956736E10"
"49.55343769717591","0.3358333333333333","6.0","0.01922200620174408","3.1343536376953125","1.3333333333333333","GRIN2A","1.5999999999999999","false","GRIN2A","8.81348608E9"
"0.0","0.26067270375161705","1.0","6.356522208079696E-4","1.4827558994293213","0.0","ERCC5","0.0","false","ERCC5","9638130.0"
"11.88823696174855","0.2945906432748538","2.0","0.002948850393295288","1.9662657976150513","0.0","ERN1","0.0","false","ERN1","2.07423488E8"
"0.0","0.30763358778625954","1.0","0.0039990744553506374","1.4827558994293213","0.0","KDM4B","0.0","false","KDM4B","3.81479104E8"
"23.079039253291043","0.37280296022201664","8.0","0.032183438539505005","3.4787912368774414","4.0","ESR2","4.57142857142857","false","ESR2","2.4706699264E10"
"342.0007422431913","0.27211343686698175","3.0","0.0011322882492095232","2.3493075370788574","1.3333333333333333","F10","2.5","false","F10","3.0581914E7"
"0.0","0.21678321678321677","2.0","7.979686051839963E-5","1.9662657976150513","1.0","F9","2.0","false","F9","151892.03125"
"488.2504881183549","0.2764060356652949","4.0","0.0013266127789393067","2.660248279571533","1.0","F3","2.333333333333333","false","F3","4.1979648E7"
"7.0935517014079315","0.2812281926029309","3.0","0.001450323616154492","2.3493075370788574","1.3333333333333333","PLAT","2.0","false","PLAT","5.0174124E7"
"53.665328165637796","0.2872416250890948","4.0","0.003024038625881076","2.660248279571533","1.0","FCER2","1.3333333333333333","false","FCER2","2.18135056E8"
"94.34207905482153","0.2943754565376187","3.0","0.0039934576489031315","2.3493075370788574","0.6666666666666666","OPRM1","1.0","false","OPRM1","3.8041632E8"
"858.0873545814119","0.3453299057412168","10.0","0.020190352573990822","3.7403573989868164","3.2","VCAM1","5.391666666666667","false","VCAM1","9.72384256E9"
"495.3693643589756","0.31958762886597936","7.0","0.009619652293622494","3.3192129135131836","1.1428571428571428","ICAM1","2.3666666666666667","false","ICAM1","2.207336704E9"
"1.3333333333333333","0.3336092715231788","5.0","0.020604198798537254","2.917694330215454","3.6","FGF1","4.5","false","FGF1","1.0126539776E10"
"246.3940170539078","0.380547686496695","15.0","0.0634177029132843","4.182602405548096","6.4","FGFR3","7.409340659340659","false","FGFR3","9.5933579264E10"
"258.9474086125943","0.352580927384077","14.0","0.036404773592948914","4.111307144165039","5.285714285714286","FGF2","6.17945942945943","false","FGF2","3.161304064E10"
"145.09206447851489","0.34831460674157305","10.0","0.032842520624399185","3.7403573989868164","5.0","FLT1","5.822222222222223","false","FLT1","2.5729050624E10"
"1604.0000000000002","0.26151849448410125","2.0","8.566162432543933E-4","1.9662657976150513","0.0","HTR1A","0.0","false","HTR1A","1.7503402E7"
"4.7242679776946135","0.31508991399530883","2.0","0.005998379085212946","1.9662657976150513","0.0","KCNH2","0.0","false","KCNH2","8.58257024E8"
"2.366212228794226","0.3498263888888889","5.0","0.02570398338139057","2.917694330215454","2.4","FLT3","3.0","false","FLT3","1.5759797248E10"
"181.6287969626404","0.30392156862745096","5.0","0.004313233774155378","2.917694330215454","1.6","SIRT2","2.1666666666666665","false","SIRT2","4.43776704E8"
"15.810282201791573","0.36014298480786416","13.0","0.05463448911905289","4.0327467918396","9.538461538461538","IL6ST","10.333333333333334","false","IL6ST","7.12005632E10"
"418.88738377665715","0.37074517019319225","12.0","0.042251311242580414","3.9457528591156006","3.3333333333333335","TEK","3.6363636363636367","false","TEK","4.2582388736E10"
"0.0","0.31361867704280155","1.0","0.004247751086950302","1.4827558994293213","0.0","G6PD","0.0","false","G6PD","4.3040048E8"
"2.333333333333333","0.2812281926029309","3.0","0.0018042479641735554","2.3493075370788574","1.3333333333333333","GAK","2.0","false","GAK","7.7651E7"
"103.12150050709883","0.2832044975404076","3.0","0.0014831166481599212","2.3493075370788574","0.6666666666666666","PIK3C2A","1.0","false","PIK3C2A","5.246922E7"
"147.83647870412187","0.33443983402489624","7.0","0.013786248862743378","3.3192129135131836","3.4285714285714284","LRRK2","4.333333333333333","false","LRRK2","4.533593088E9"
"31.247189907926696","0.35506607929515416","13.0","0.05224981904029846","4.0327467918396","6.153846153846154","KIT","6.666666666666666","false","KIT","6.5120792576E10"
"1346.6365143291716","0.31533646322378717","4.0","0.005692635662853718","2.660248279571533","0.0","HPGDS","0.0","false","HPGDS","7.72996736E8"
"0.0","0.3048411497730711","2.0","0.0073068998754024506","1.9662657976150513","1.0","PRKD1","2.0","false","PRKD1","1.273553152E9"
"5.0395712440641605","0.34210526315789475","5.0","0.021154487505555153","2.917694330215454","2.4","NTRK3","3.0","false","NTRK3","1.0674694144E10"
"0.0","0.2398809523809524","1.0","1.8471335351932794E-4","1.4827558994293213","0.0","GSR","0.0","false","GSR","813863.3125"
"1.8764050764050764","0.2926652142338417","2.0","0.0032978178933262825","1.9662657976150513","0.0","KDM5B","0.0","false","KDM5B","2.59426624E8"
"42.70003214606468","0.3252623083131558","3.0","0.0075358194299042225","2.3493075370788574","0.6666666666666666","PADI4","1.0","false","PADI4","1.354615296E9"
"0.14285714285714285","0.30164670658682635","2.0","0.0056182085536420345","1.9662657976150513","0.0","PER2","0.0","false","PER2","7.52921984E8"
"83.68313384965698","0.3308702791461412","5.0","0.015700871124863625","2.917694330215454","2.0","PTPN22","2.5","false","PTPN22","5.880282112E9"
"6.416437245765071","0.3170731707317073","3.0","0.009114504791796207","2.3493075370788574","1.3333333333333333","HMOX1","2.0","false","HMOX1","1.981603072E9"
"804.0000000000001","0.2076249356002061","2.0","2.783275704132393E-5","1.9662657976150513","0.0","SLC6A4","0.0","false","SLC6A4","18480.587890625"
"0.0","0.1720017072129748","1.0","9.032279422171996E-7","1.4827558994293213","0.0","HTR2A","0.0","false","HTR2A","21.04775047302246"
"2.6666666666666665","0.2724814063556457","2.0","0.0016080052591860294","1.9662657976150513","0.0","SELP","0.0","false","SELP","6.1677192E7"
"0.0","0.2628832354859752","2.0","9.674701141193509E-4","1.9662657976150513","1.0","SELE","2.0","false","SELE","2.232679E7"
"35.56946992516473","0.29309090909090907","6.0","0.0067896414548158646","3.1343536376953125","1.6666666666666667","ITGAL","1.9999999999999998","false","ITGAL","1.099629312E9"
"803.9999999999999","0.20415400202634246","2.0","9.073670298676006E-6","1.9662657976150513","0.0","TDO2","0.0","false","TDO2","1967.32763671875"
"2.501844558012638","0.32395498392282956","4.0","0.012283585965633392","2.660248279571533","2.0","IKBKE","2.6666666666666665","false","IKBKE","3.599149312E9"
"46.50801758727282","0.3347176079734219","6.0","0.013875385746359825","3.1343536376953125","2.0","TBK1","2.6666666666666665","false","TBK1","4.592402944E9"
"0.0","0.27966689798750866","1.0","0.0027734320610761642","1.4827558994293213","0.0","TLR9","0.0","false","TLR9","1.83478272E8"
"56.87104696977483","0.36470588235294116","18.0","0.0711844190955162","4.361743927001953","11.11111111111111","TYK2","12.048319327731091","false","TYK2","1.2087025664E11"
"5.420539036513909","0.3198412698412698","3.0","0.014118824154138565","2.3493075370788574","0.6666666666666666","PPIA","1.0","false","PPIA","4.7549568E9"
"0.0","0.3279088689991863","3.0","0.009709936566650867","2.3493075370788574","2.0","KDM6B","3.0","false","KDM6B","2.248987136E9"
"0.0","0.27396329027872196","1.0","0.0019152015447616577","1.4827558994293213","0.0","KCNJ11","0.0","false","KCNJ11","8.7494056E7"
"0.0","0.1696127946127946","1.0","2.957480091936304E-7","1.4827558994293213","0.0","KMO","0.0","false","KMO","3.6916885375976562"
"0.0","0.24543239951278928","1.0","1.6304348537232727E-4","1.4827558994293213","0.0","LDLR","0.0","false","LDLR","634108.6875"
"0.0","0.25587301587301586","1.0","4.702277365140617E-4","1.4827558994293213","0.0","MERTK","0.0","false","MERTK","5274324.5"
"0.0","0.24830560690080097","1.0","7.030486594885588E-4","1.4827558994293213","0.0","LGALS9","0.0","false","LGALS9","1.1790342E7"
"2.7853219825025093","0.2798611111111111","2.0","0.0019106452818959951","1.9662657976150513","0.0","TNKS","0.0","false","TNKS","8.7078992E7"
"0.0","0.26219908913467793","1.0","0.0011652455432340503","1.4827558994293213","0.0","LPAR4","0.0","false","LPAR4","3.2388032E7"
"0.0","0.2661822985468956","1.0","0.0014404590474441648","1.4827558994293213","0.0","MAP2K5","0.0","false","MAP2K5","4.9493932E7"
"1.5649726878573196","0.32684509326845096","3.0","0.015959087759256363","2.3493075370788574","0.6666666666666666","S1PR4","1.0","false","S1PR4","6.07527168E9"
"0.33337883648442657","0.3308702791461412","4.0","0.020355358719825745","2.660248279571533","2.5","S1PR2","3.333333333333333","false","S1PR2","9.8834176E9"
"2.084911923759274","0.34152542372881356","4.0","0.02333066798746586","2.660248279571533","2.0","PRKCH","2.6666666666666665","false","PRKCH","1.2983863296E10"
"0.0","0.3170731707317073","4.0","0.013637514784932137","2.660248279571533","3.0","RPS6KA6","4.0","false","RPS6KA6","4.436291584E9"
"23.56201148934277","0.32684509326845096","6.0","0.02083667740225792","3.1343536376953125","3.0","RPS6KA4","4.4","false","RPS6KA4","1.0356344832E10"
"0.0","0.32605177993527507","3.0","0.017070334404706955","2.3493075370788574","2.0","MKNK2","3.0","false","MKNK2","6.950781952E9"
"0.0","0.3170731707317073","4.0","0.013637514784932137","2.660248279571533","3.0","RPS6KA3","4.0","false","RPS6KA3","4.436291584E9"
"0.0","0.2398809523809524","1.0","1.7264352936763316E-4","1.4827558994293213","0.0","MCHR1","0.0","false","MCHR1","710974.5625"
"0.0","0.2724814063556457","3.0","0.002153696957975626","2.3493075370788574","2.0","PRSS1","3.0","false","PRSS1","1.10641776E8"
"0.0","0.2440944881889764","1.0","2.0063266856595874E-4","1.4827558994293213","0.0","MMP12","0.0","false","MMP12","960184.375"
"0.0","0.19677734375","1.0","3.59546834260982E-6","1.4827558994293213","0.0","PON1","0.0","false","PON1","310.17950439453125"
"0.0","0.2515605493133583","1.0","4.7794837155379355E-4","1.4827558994293213","0.0","P2RX7","0.0","false","P2RX7","5448994.0"
"0.0","0.29373177842565595","2.0","0.002972228918224573","1.9662657976150513","1.0","NR1H4","2.0","false","NR1H4","2.10727376E8"
"0.0","0.28581560283687946","1.0","0.002140446798875928","1.4827558994293213","0.0","PDCD4","0.0","false","PDCD4","1.09284528E8"
"865.355816721372","0.285007072135785","3.0","0.003580244490876794","2.3493075370788574","0.0","PI4KB","0.0","false","PI4KB","3.05757216E8"
"0.0","0.22191629955947137","1.0","1.1616200936259702E-4","1.4827558994293213","0.0","PIK3C3","0.0","false","PIK3C3","321873.9375"
"0.0","0.2890961262553802","2.0","0.005111475940793753","1.9662657976150513","1.0","RASGRP1","2.0","false","RASGRP1","6.23225472E8"
"0.0","0.1921793037672866","1.0","4.400767011247808E-6","1.4827558994293213","0.0","RBP4","0.0","false","RBP4","463.5678405761719"
"0.0","0.2398809523809524","1.0","1.7264352936763316E-4","1.4827558994293213","0.0","SSTR3","0.0","false","SSTR3","710974.5625"
"0.0","0.2377581120943953","1.0","3.09168070089072E-4","1.4827558994293213","0.0","TYR","0.0","false","TYR","2280024.75"
"0.0","0.19045368620037806","1.0","2.0663896975747775E-6","1.4827558994293213","0.0","TPMT","0.0","false","TPMT","103.76130676269531"
